[{
        "id": 1,
        "cost": 10000,
        "image": "./images/stone1.jpeg",
        "category": "basic",
        "name": "Althea",
        "description": "As I was going down impassive Rivers,\nI no longer felt myself guided by haulers:"
    },
    {
        "id": 2,
        "cost": 20000,
        "image": "./images/stone2.png",
        "category": "basic",
        "name": "Theseus",
        "description": "Yelping redskins had taken them as targets\nAnd had nailed them naked to colored stakes."
    },
    {
        "id": 3,
        "cost": 40000,
        "image": "./images/stone3.png",
        "category": "basic",
        "name": "Persephone",
        "description": "I was indifferent to all crews,\nThe bearer of Flemish wheat or English cottons"
    },
    {
        "id": 4,
        "cost": 9000,
        "image": "./images/stone4.png",
        "category": "unique",
        "name": "Delphi",
        "description": "When with my haulers this uproar stopped\nThe Rivers let me go where I wanted."
    },
    {
        "id": 5,
        "cost": 17000,
        "image": "./images/stone5.png",
        "category": "unique",
        "name": "Leanos",
        "description": "Into the furious lashing of the tides\nMore heedless than children's brains the other winter"
    },
    {
        "id": 6,
        "cost": 27000,
        "image": "./images/stone6.png",
        "category": "basic",
        "name": "Icarus",
        "description": "I ran! And loosened Peninsulas\nHave not undergone a more triumphant hubbub"
    },
    {
        "id": 7,
        "cost": 13000,
        "image": "./images/stone7.jpeg",
        "category": "basic",
        "name": "Eugenio",
        "description": "The storm blessed my sea vigils\nLighter than a cork I danced on the waves"
    },
    {
        "id": 8,
        "cost": 15000,
        "image": "./images/stone8.png",
        "category": "unique",
        "name": "Cassius",
        "description": "That are called eternal rollers of victims,\nTen nights, without missing the stupid eye of the lighthouses!"
    },
    {
        "id": 9,
        "cost": 10000,
        "image": "./images/stone9.png",
        "category": "unique",
        "name": "Archimedes",
        "description": "Sweeter than the flesh of hard apples is to children\nThe green water penetrated my hull of fir"
    },
    {
        "id": 10,
        "cost": 50000,
        "image": "./images/stone10.png",
        "category": "basic",
        "name": "Theodoros",
        "description": "And washed me of spots of blue wine\nAnd vomit, scattering rudder and grappling-hook"
    },
    {
        "id": 11,
        "cost": 200000,
        "image": "./images/stone11.png",
        "category": "unique",
        "name": "Maximus",
        "description": "And from then on I bathed in the Poem\nOf the Sea, infused with stars and lactescent,"
    }
]